source_id,target_id,trans_amount,source_type,credit_party_type,description,label
201000000001195015,201000000003925209,48000,merchant,merchant,General B2b Transfer,1
201000000001195015,201000000003925209,74500,merchant,merchant,General B2b Transfer,1
201000000001195015,201000000003925209,332800,merchant,merchant,General B2b Transfer,1
201000000001195015,201000000003925209,283300,merchant,merchant,General B2b Transfer,1
201000000001195015,201000000003925209,131700,merchant,merchant,General B2b Transfer,1
201000000001195015,201000000003925209,248600,merchant,merchant,General B2b Transfer,1
201000000001195015,201000000003925209,1783300,merchant,merchant,General B2b Transfer,1
201000000001195015,201000000003925209,99000,merchant,merchant,General B2b Transfer,1
201000000001195015,201000000003925209,267700,merchant,merchant,General B2b Transfer,1
202000000116851548,201000000001195015,201410,customer,merchant,Customer Buy Goods Reservation,1
202000000116851548,201000000001195015,100705,customer,merchant,Customer Buy Goods Reservation,1
202000000130206713,201000000001195015,20000,customer,merchant,Customer Buy Goods Reservation,1
202000000130206713,201000000001195015,50000,customer,merchant,Customer Buy Goods Reservation,1
202000000116851548,201000000001195015,149044,customer,merchant,Customer Buy Goods Reservation,1
202000000116851548,201000000001195015,50353,customer,merchant,Customer Buy Goods Reservation,1
202000000116851548,201000000001195015,50353,customer,merchant,Customer Buy Goods Reservation,1
202000000116851548,201000000001195015,99698,customer,merchant,Customer Buy Goods Reservation,1
202100000005751816,202100000005751816,10000,customer,customer,,1
201000000001195015,201000000003925209,609100,merchant,merchant,General B2b Transfer,1
201000000001195015,201000000003925209,69500,merchant,merchant,General B2b Transfer,1
201000000001195015,201000000003925209,13900,merchant,merchant,General B2b Transfer,1
201000000001195015,201000000003925209,309100,merchant,merchant,General B2b Transfer,1
201000000001195015,201000000003925209,150900,merchant,merchant,General B2b Transfer,1
202000000130206713,201000000001195015,30000,customer,merchant,Customer Buy Goods Reservation,1
202000000130206713,201000000001195015,200000,customer,merchant,Customer Buy Goods Reservation,1
202000000130206713,201000000001195015,200000,customer,merchant,Customer Buy Goods Reservation,1
202000000130206713,201000000001195015,200000,customer,merchant,Customer Buy Goods Reservation,1
202000000115789168,201000000001195015,50000,customer,merchant,Customer Buy Goods Reservation,1
202000000130206713,201000000001195015,50000,customer,merchant,Customer Buy Goods Reservation,1
202000000048727273,201000000001195015,10000,customer,merchant,Customer Buy Goods Reservation,1
202000000116851548,201000000001195015,100705,customer,merchant,Customer Buy Goods Reservation,1
201000000001195015,201000000003925209,232000,merchant,merchant,General B2b Transfer,1
201000000001195015,201000000003925209,77500,merchant,merchant,General B2b Transfer,1
201000000001195015,201000000003925209,342100,merchant,merchant,General B2b Transfer,1
201000000001195015,201000000003925209,251000,merchant,merchant,General B2b Transfer,1
201000000001195015,201000000003925209,203200,merchant,merchant,General B2b Transfer,1
202000000115789168,201000000001195015,15000,customer,merchant,Customer Buy Goods Reservation,1
201000000001195015,201000000003925209,60600,merchant,merchant,General B2b Transfer,1
201000000001195015,201000000003925209,29800,merchant,merchant,General B2b Transfer,1
201000000001195015,201000000003925209,68000,merchant,merchant,General B2b Transfer,1
201000000001195015,201000000003925209,72100,merchant,merchant,General B2b Transfer,1
201000000001195015,201000000003925209,331500,merchant,merchant,General B2b Transfer,1
201000000001195015,201000000003925209,203500,merchant,merchant,General B2b Transfer,1
201000000001195015,201000000003925209,229100,merchant,merchant,General B2b Transfer,1
201000000001195015,201000000003925209,538300,merchant,merchant,General B2b Transfer,1
201000000001195015,201000000003925209,476000,merchant,merchant,General B2b Transfer,1
201000000001195015,201000000003925209,209000,merchant,merchant,General B2b Transfer,1
201000000001195015,201000000003925209,164400,merchant,merchant,General B2b Transfer,1
201000000001195015,201000000003925209,96800,merchant,merchant,General B2b Transfer,1
201000000001195015,201000000003925209,172300,merchant,merchant,General B2b Transfer,1
201000000001195015,201000000003925209,82500,merchant,merchant,General B2b Transfer,1
201000000001195015,201000000003925209,198700,merchant,merchant,General B2b Transfer,1
201000000001195015,201000000003925209,173800,merchant,merchant,General B2b Transfer,1
201000000001195015,201000000003925209,272300,merchant,merchant,General B2b Transfer,1
201000000001195015,201000000003925209,82600,merchant,merchant,General B2b Transfer,1
202000000130206713,201000000001195015,25000,customer,merchant,Customer Buy Goods Reservation,1
202000000079776451,201000000001195015,15400,customer,merchant,Customer Buy Goods Reservation,1
202000000048727273,201000000001195015,6500,customer,merchant,Customer Buy Goods Reservation,1
202000000130206713,201000000001195015,50000,customer,merchant,Customer Buy Goods Reservation,1
202000000115789168,201000000001195015,10000,customer,merchant,Customer Buy Goods Reservation,1
202000000119774892,201000000001195015,1998123,customer,merchant,Customer Buy Goods Reservation,1
202000000119774892,201000000001195015,1997881,customer,merchant,Customer Buy Goods Reservation,1
202000000046488220,201000000001195015,120852,customer,merchant,Customer Buy Goods Reservation,1
202000000046488220,201000000001195015,100710,customer,merchant,Customer Buy Goods Reservation,1
202000000130206713,201000000001195015,2244850,customer,merchant,Customer Buy Goods Reservation,1
202000000128818935,201000000001195015,50604,customer,merchant,Customer Buy Goods Reservation,1
202000000119774892,201000000001195015,855123,customer,merchant,Customer Buy Goods Reservation,1
202000000046488220,201000000001195015,241692,customer,merchant,Customer Buy Goods Reservation,1
202000000116851548,201000000001195015,99698,customer,merchant,Customer Buy Goods Reservation,1
202000000116851548,201000000001195015,99698,customer,merchant,Customer Buy Goods Reservation,1
201000000001195015,201000000004307382,100,merchant,merchant,,1
202000000046488220,201000000001195015,201410,customer,merchant,Customer Buy Goods Reservation,1
202000000046488220,201000000001195015,151058,customer,merchant,Customer Buy Goods Reservation,1
201000000001195015,201000000003925209,204400,merchant,merchant,General B2b Transfer,1
201000000001195015,201000000003925209,53400,merchant,merchant,General B2b Transfer,1
201000000001195015,201000000003925209,58500,merchant,merchant,General B2b Transfer,1
201000000001195015,201000000003925209,440000,merchant,merchant,General B2b Transfer,1
201000000001195015,201000000003925209,121600,merchant,merchant,General B2b Transfer,1
201000000001195015,201000000003925209,101900,merchant,merchant,General B2b Transfer,1
201000000001195015,201000000003925209,270600,merchant,merchant,General B2b Transfer,1
201000000001195015,201000000003925209,138800,merchant,merchant,General B2b Transfer,1
201000000001195015,201000000003925209,141300,merchant,merchant,General B2b Transfer,1
201000000001195015,201000000003925209,304600,merchant,merchant,General B2b Transfer,1
201000000001195015,201000000003925209,65400,merchant,merchant,General B2b Transfer,1
201000000001195015,201000000003925209,89400,merchant,merchant,General B2b Transfer,1
202000000115789168,201000000001195015,10071,customer,merchant,Customer Buy Goods Reservation,1
202000000128818935,201000000001195015,99766,customer,merchant,Customer Buy Goods Reservation,1
202000000048727273,201000000001195015,5000,customer,merchant,Customer Buy Goods Reservation,1
201000000001195015,201000000003925209,23000,merchant,merchant,General B2b Transfer,1
201000000001195015,201000000003925209,430700,merchant,merchant,General B2b Transfer,1
201000000001195015,201000000003925209,185700,merchant,merchant,General B2b Transfer,1
201000000001195015,201000000003925209,23400,merchant,merchant,General B2b Transfer,1
201000000001195015,201000000003925209,313900,merchant,merchant,General B2b Transfer,1
201000000001195015,201000000002533376,1000,merchant,merchant,,1
202000000130206713,201000000001195015,50000,customer,merchant,Customer Buy Goods Reservation,1
201000000001195015,201000000003925209,133000,merchant,merchant,General B2b Transfer,1
201000000001195015,201000000003925209,47500,merchant,merchant,General B2b Transfer,1
201000000001195015,201000000003925209,256500,merchant,merchant,General B2b Transfer,1
201000000001195015,201000000003925209,13900,merchant,merchant,General B2b Transfer,1
201000000001195015,201000000003925209,133700,merchant,merchant,General B2b Transfer,1
201000000001195015,201000000003925209,67900,merchant,merchant,General B2b Transfer,1
201000000001195015,201000000003925209,106000,merchant,merchant,General B2b Transfer,1
201000000001195015,201000000003925209,47500,merchant,merchant,General B2b Transfer,1
201000000001195015,201000000003925209,262200,merchant,merchant,General B2b Transfer,1
201000000001195015,201000000003925209,9400,merchant,merchant,General B2b Transfer,1
201000000001195015,201000000003925209,26200,merchant,merchant,General B2b Transfer,1
201000000001195015,201000000003925209,68500,merchant,merchant,General B2b Transfer,1
201000000001195015,201000000003925209,122100,merchant,merchant,General B2b Transfer,1
201000000001195015,201000000003925209,220100,merchant,merchant,General B2b Transfer,1
201000000001195015,201000000003925209,154600,merchant,merchant,General B2b Transfer,1
201000000001195015,201000000003925209,143300,merchant,merchant,General B2b Transfer,1
201000000001195015,201000000003925209,166900,merchant,merchant,General B2b Transfer,1
201000000001195015,201000000003925209,141300,merchant,merchant,General B2b Transfer,1
201000000001195015,201000000003925209,201600,merchant,merchant,General B2b Transfer,1
201000000001195015,201000000003925209,276500,merchant,merchant,General B2b Transfer,1
201000000001195015,201000000003925209,724800,merchant,merchant,General B2b Transfer,1
201000000001195015,201000000003925209,10000,merchant,merchant,General B2b Transfer,1
201000000001195015,201000000003925209,65200,merchant,merchant,General B2b Transfer,1
201000000001195015,201000000003925209,679000,merchant,merchant,General B2b Transfer,1
201000000001195015,201000000003925209,119100,merchant,merchant,General B2b Transfer,1
201000000001195015,201000000003925209,150000,merchant,merchant,General B2b Transfer,1
201000000001195015,201000000003925209,92900,merchant,merchant,General B2b Transfer,1
201000000001195015,201000000003925209,154000,merchant,merchant,General B2b Transfer,1
201000000001195015,201000000003925209,116800,merchant,merchant,General B2b Transfer,1
201000000001195015,201000000003925209,325400,merchant,merchant,General B2b Transfer,1
201000000001195015,201000000003925209,206600,merchant,merchant,General B2b Transfer,1
201000000001195015,201000000003925209,850900,merchant,merchant,General B2b Transfer,1
201000000001195015,201000000003925209,237000,merchant,merchant,General B2b Transfer,1
201000000001195015,201000000003925209,281500,merchant,merchant,General B2b Transfer,1
201000000001195015,201000000003925209,282000,merchant,merchant,General B2b Transfer,1
201000000001195015,201000000003925209,788800,merchant,merchant,General B2b Transfer,1
201000000001195015,201000000003925209,56000,merchant,merchant,General B2b Transfer,1
201000000001195015,201000000003925209,360400,merchant,merchant,General B2b Transfer,1
201000000001195015,201000000003925209,57300,merchant,merchant,General B2b Transfer,1
201000000001195015,201000000003925209,836200,merchant,merchant,General B2b Transfer,1
201000000001195015,201000000003925209,89900,merchant,merchant,General B2b Transfer,1
201000000001195015,201000000003925209,174200,merchant,merchant,General B2b Transfer,1
201000000001195015,201000000003925209,1200600,merchant,merchant,General B2b Transfer,1
201000000001195015,201000000003925209,94200,merchant,merchant,General B2b Transfer,1
201000000001195015,201000000003925209,306200,merchant,merchant,General B2b Transfer,1
201000000001195015,201000000003925209,567000,merchant,merchant,General B2b Transfer,1
201000000001195015,201000000003925209,91700,merchant,merchant,General B2b Transfer,1
201000000001195015,201000000003925209,497600,merchant,merchant,General B2b Transfer,1
202000000048727273,201000000001195015,80000,customer,merchant,Customer Buy Goods Reservation,1
202000000130206713,201000000001195015,50000,customer,merchant,Customer Buy Goods Reservation,1
202000000130206713,201000000001195015,50000,customer,merchant,Customer Buy Goods Reservation,1
202000000115789168,201000000001195015,20142,customer,merchant,Customer Buy Goods Reservation,1
201000000001195015,201000000003925209,33400,merchant,merchant,General B2b Transfer,1
201000000001195015,201000000003925209,128000,merchant,merchant,General B2b Transfer,1
201000000001195015,201000000003925209,171400,merchant,merchant,General B2b Transfer,1
201000000001195015,201000000003925209,141900,merchant,merchant,General B2b Transfer,1
201000000001195015,201000000003925209,1135900,merchant,merchant,General B2b Transfer,1
201000000001195015,201000000003925209,650900,merchant,merchant,General B2b Transfer,1
201000000001195015,201000000003925209,148300,merchant,merchant,General B2b Transfer,1
201000000001195015,201000000003925209,120100,merchant,merchant,General B2b Transfer,1
202000000113918218,202000000104642998,2500000,customer,customer,Customer Withdrawal,1
202100000007197183,202100000007332126,356250,customer,customer,Customer Withdrawal,1
202000000104642998,202000000113918218,2000,customer,customer,Customer Withdrawal,1
201000000001195015,201000000003925209,197800,merchant,merchant,General B2b Transfer,1
201000000001195015,201000000003925209,200000,merchant,merchant,General B2b Transfer,1
201000000001195015,201000000003925209,67700,merchant,merchant,General B2b Transfer,1
201000000001195015,201000000003925209,72200,merchant,merchant,General B2b Transfer,1
201000000001195015,201000000003925209,511300,merchant,merchant,General B2b Transfer,1
201000000001195015,201000000003925209,243500,merchant,merchant,General B2b Transfer,1
201000000001195015,201000000003925209,69500,merchant,merchant,General B2b Transfer,1
201000000001195015,201000000003925209,118000,merchant,merchant,General B2b Transfer,1
201000000001195015,201000000003925209,363800,merchant,merchant,General B2b Transfer,1
201000000001195015,201000000003925209,57500,merchant,merchant,General B2b Transfer,1
201000000001195015,201000000003925209,203600,merchant,merchant,General B2b Transfer,1
201000000001195015,201000000003925209,725500,merchant,merchant,General B2b Transfer,1
201000000001195015,201000000003925209,171500,merchant,merchant,General B2b Transfer,1
201000000001195015,201000000003925209,125000,merchant,merchant,General B2b Transfer,1
201000000001195015,201000000003925209,155200,merchant,merchant,General B2b Transfer,1
201000000001195015,201000000003925209,612900,merchant,merchant,General B2b Transfer,1
201000000001195015,201000000003925209,176500,merchant,merchant,General B2b Transfer,1
201000000001195015,201000000003925209,232300,merchant,merchant,General B2b Transfer,1
201000000001195015,201000000003925209,746300,merchant,merchant,General B2b Transfer,1
201000000001195015,201000000003925209,74000,merchant,merchant,General B2b Transfer,1
201000000001195015,201000000003925209,235300,merchant,merchant,General B2b Transfer,1
201000000001195015,201000000003925209,229300,merchant,merchant,General B2b Transfer,1
201000000001195015,201000000003925209,256600,merchant,merchant,General B2b Transfer,1
201000000001195015,201000000003925209,14900,merchant,merchant,General B2b Transfer,1
201000000001195015,201000000003925209,198800,merchant,merchant,General B2b Transfer,1
201000000001195015,201000000003925209,62600,merchant,merchant,General B2b Transfer,1
201000000001195015,201000000003925209,183800,merchant,merchant,General B2b Transfer,1
201000000001195015,201000000003925209,130400,merchant,merchant,General B2b Transfer,1
201000000001195015,201000000003925209,50300,merchant,merchant,General B2b Transfer,1
201000000001195015,201000000003925209,39800,merchant,merchant,General B2b Transfer,1
201000000001195015,201000000003925209,72000,merchant,merchant,General B2b Transfer,1
201000000001195015,201000000003925209,76600,merchant,merchant,General B2b Transfer,1
201000000001195015,201000000003925209,58900,merchant,merchant,General B2b Transfer,1
201000000001195015,201000000003925209,82100,merchant,merchant,General B2b Transfer,1
201000000001195015,201000000003925209,126900,merchant,merchant,General B2b Transfer,1
201000000001195015,201000000003925209,334400,merchant,merchant,General B2b Transfer,1
201000000001195015,201000000003925209,368700,merchant,merchant,General B2b Transfer,1
201000000001195015,201000000003925209,131800,merchant,merchant,General B2b Transfer,1
201000000001195015,201000000003925209,117400,merchant,merchant,General B2b Transfer,1
201000000001195015,201000000003925209,420700,merchant,merchant,General B2b Transfer,1
202000000087132518,202100000008266871,1200000,customer,customer,Customer Withdrawal,1
202000000130206713,201000000001195015,30000,customer,merchant,Customer Buy Goods Reservation,1
202000000130206713,201000000001195015,20000,customer,merchant,Customer Buy Goods Reservation,1
202000000130206713,201000000001195015,50000,customer,merchant,Customer Buy Goods Reservation,1
202000000116851548,201000000001195015,99698,customer,merchant,Customer Buy Goods Reservation,1
202000000115789168,201000000001195015,40000,customer,merchant,Customer Buy Goods Reservation,1
202000000115789168,201000000001195015,50460,customer,merchant,Customer Buy Goods Reservation,1
202100000007197183,202100000007332126,1425000,customer,customer,Customer Withdrawal,1
202000000130206713,201000000001195015,50000,customer,merchant,Customer Buy Goods Reservation,1
202000000130206713,201000000001195015,50000,customer,merchant,Customer Buy Goods Reservation,1
202000000130206713,201000000001195015,50000,customer,merchant,Customer Buy Goods Reservation,1
202000000130206713,201000000001195015,50000,customer,merchant,Customer Buy Goods Reservation,1
202000000046488220,201000000001195015,120846,customer,merchant,Customer Buy Goods Reservation,1
202000000046488220,201000000001195015,120846,customer,merchant,Customer Buy Goods Reservation,1
202000000128818935,201000000001195015,49726,customer,merchant,Customer Buy Goods Reservation,1
202000000116851548,201000000001195015,150051,customer,merchant,Customer Buy Goods Reservation,1
201000000001195015,201000000003925209,8800,merchant,merchant,General B2b Transfer,1
201000000001195015,201000000003925209,68100,merchant,merchant,General B2b Transfer,1
201000000001195015,201000000003925209,240500,merchant,merchant,General B2b Transfer,1
201000000001195015,201000000003925209,239200,merchant,merchant,General B2b Transfer,1
201000000001195015,201000000003925209,255000,merchant,merchant,General B2b Transfer,1
201000000001195015,201000000003925209,140800,merchant,merchant,General B2b Transfer,1
201000000001195015,201000000003925209,314100,merchant,merchant,General B2b Transfer,1
201000000001195015,201000000003925209,560300,merchant,merchant,General B2b Transfer,1
201000000001195015,201000000003925209,119200,merchant,merchant,General B2b Transfer,1
202100000007197183,202100000007332126,1370000,customer,customer,Customer Withdrawal,1
201000000001195015,201000000003925209,301400,merchant,merchant,General B2b Transfer,1
201000000001195015,201000000003925209,609400,merchant,merchant,General B2b Transfer,1
201000000001195015,201000000003925209,247800,merchant,merchant,General B2b Transfer,1
201000000001195015,201000000003925209,179400,merchant,merchant,General B2b Transfer,1
201000000001195015,201000000003925209,76700,merchant,merchant,General B2b Transfer,1
201000000001195015,201000000003925209,604700,merchant,merchant,General B2b Transfer,1
201000000001195015,201000000003925209,176500,merchant,merchant,General B2b Transfer,1
201000000001195015,201000000003925209,295800,merchant,merchant,General B2b Transfer,1
201000000001195015,201000000003925209,984000,merchant,merchant,General B2b Transfer,1
201000000001195015,201000000003925209,352700,merchant,merchant,General B2b Transfer,1
201000000001195015,201000000003925209,284300,merchant,merchant,General B2b Transfer,1
201000000001195015,201000000003925209,125200,merchant,merchant,General B2b Transfer,1
201000000001195015,201000000003925209,457200,merchant,merchant,General B2b Transfer,1
201000000001195015,201000000003925209,88200,merchant,merchant,General B2b Transfer,1
201000000001195015,201000000003925209,286500,merchant,merchant,General B2b Transfer,1
201000000001195015,201000000003925209,200000,merchant,merchant,General B2b Transfer,1
201000000001195015,201000000003925209,1398600,merchant,merchant,General B2b Transfer,1
201000000001195015,201000000003925209,36700,merchant,merchant,General B2b Transfer,1
201000000001195015,201000000003925209,194000,merchant,merchant,General B2b Transfer,1
201000000001195015,201000000003925209,373800,merchant,merchant,General B2b Transfer,1
201000000001195015,201000000003925209,274700,merchant,merchant,General B2b Transfer,1
201000000001195015,201000000003925209,24300,merchant,merchant,General B2b Transfer,1
201000000001195015,201000000003925209,235500,merchant,merchant,General B2b Transfer,1
201000000001195015,201000000003925209,60400,merchant,merchant,General B2b Transfer,1
201000000001195015,201000000003925209,59000,merchant,merchant,General B2b Transfer,1
201000000001195015,201000000003925209,168900,merchant,merchant,General B2b Transfer,1
202000000130206713,201000000001195015,50000,customer,merchant,Customer Buy Goods Reservation,1
201000000001195015,201000000003925209,238000,merchant,merchant,General B2b Transfer,1
201000000001195015,201000000003925209,50000,merchant,merchant,General B2b Transfer,1
201000000001195015,201000000003925209,122400,merchant,merchant,General B2b Transfer,1
201000000001195015,201000000003925209,19000,merchant,merchant,General B2b Transfer,1
201000000001195015,201000000003925209,41200,merchant,merchant,General B2b Transfer,1
201000000001195015,201000000003925209,411300,merchant,merchant,General B2b Transfer,1
201000000001195015,201000000003925209,110000,merchant,merchant,General B2b Transfer,1
201000000001195015,201000000003925209,45300,merchant,merchant,General B2b Transfer,1
201000000001195015,201000000003925209,259300,merchant,merchant,General B2b Transfer,1
201000000001195015,201000000003925209,29300,merchant,merchant,General B2b Transfer,1
201000000001195015,201000000003925209,176500,merchant,merchant,General B2b Transfer,1
201000000001195015,201000000003925209,77700,merchant,merchant,General B2b Transfer,1
201000000001195015,201000000003925209,250800,merchant,merchant,General B2b Transfer,1
201000000001195015,201000000003925209,383800,merchant,merchant,General B2b Transfer,1
201000000001195015,201000000003925209,175100,merchant,merchant,General B2b Transfer,1
201000000001195015,201000000003925209,75000,merchant,merchant,General B2b Transfer,1
201000000001195015,201000000003925209,118900,merchant,merchant,General B2b Transfer,1
201000000001195015,201000000003925209,374900,merchant,merchant,General B2b Transfer,1
201000000001195015,201000000003925209,216000,merchant,merchant,General B2b Transfer,1
201000000001195015,201000000003925209,119500,merchant,merchant,General B2b Transfer,1
201000000001195015,201000000003925209,479600,merchant,merchant,General B2b Transfer,1
201000000001195015,201000000003925209,63400,merchant,merchant,General B2b Transfer,1
201000000001195015,201000000003925209,1061200,merchant,merchant,General B2b Transfer,1
201000000001195015,201000000003925209,501600,merchant,merchant,General B2b Transfer,1
201000000001195015,201000000003925209,41800,merchant,merchant,General B2b Transfer,1
201000000001195015,201000000003925209,701500,merchant,merchant,General B2b Transfer,1
202000000116851548,201000000001195015,292045,customer,merchant,Customer Buy Goods Reservation,1
202000000130206713,201000000001195015,45000,customer,merchant,Customer Buy Goods Reservation,1
201000000001195015,201000000003925209,65000,merchant,merchant,General B2b Transfer,1
201000000001195015,201000000003925209,67000,merchant,merchant,General B2b Transfer,1
201000000001195015,201000000003925209,75400,merchant,merchant,General B2b Transfer,1
201000000001195015,201000000003925209,136600,merchant,merchant,General B2b Transfer,1
201000000001195015,201000000003925209,304000,merchant,merchant,General B2b Transfer,1
201000000001195015,201000000003925209,205700,merchant,merchant,General B2b Transfer,1
201000000001195015,201000000003925209,281900,merchant,merchant,General B2b Transfer,1
201000000001195015,201000000003925209,89600,merchant,merchant,General B2b Transfer,1
202000000046488220,201000000001195015,241692,customer,merchant,Customer Buy Goods Reservation,1
202000000046488220,201000000001195015,202221,customer,merchant,Customer Buy Goods Reservation,1
201000000001195015,201000000003925209,40000,merchant,merchant,General B2b Transfer,1
201000000001195015,201000000003925209,337200,merchant,merchant,General B2b Transfer,1
201000000001195015,201000000003925209,216600,merchant,merchant,General B2b Transfer,1
201000000001195015,201000000003925209,40700,merchant,merchant,General B2b Transfer,1
201000000001195015,201000000003925209,185200,merchant,merchant,General B2b Transfer,1
201000000001195015,201000000003925209,57200,merchant,merchant,General B2b Transfer,1
201000000001195015,201000000003925209,58800,merchant,merchant,General B2b Transfer,1
201000000001195015,201000000003925209,29200,merchant,merchant,General B2b Transfer,1
201000000001195015,201000000003925209,238200,merchant,merchant,General B2b Transfer,1
201000000001195015,201000000003925209,163900,merchant,merchant,General B2b Transfer,1
202000000116851548,201000000001195015,99698,customer,merchant,Customer Buy Goods Reservation,1
202000000130206713,201000000001195015,32000,customer,merchant,Customer Buy Goods Reservation,1
202000000130206713,201000000001195015,50000,customer,merchant,Customer Buy Goods Reservation,1
201000000001195015,201000000004316490,10122,merchant,merchant,,1
202000000046488220,201000000001195015,120846,customer,merchant,Customer Buy Goods Reservation,1
202000000046488220,201000000001195015,120846,customer,merchant,Customer Buy Goods Reservation,1
202000000046488220,201000000001195015,110776,customer,merchant,Customer Buy Goods Reservation,1
202000000046488220,201000000001195015,120846,customer,merchant,Customer Buy Goods Reservation,1
202000000130206713,201000000001195015,50000,customer,merchant,Customer Buy Goods Reservation,1
201000000001195015,201000000003925209,95900,merchant,merchant,General B2b Transfer,1
201000000001195015,201000000003925209,72500,merchant,merchant,General B2b Transfer,1
201000000001195015,201000000003925209,79900,merchant,merchant,General B2b Transfer,1
201000000001195015,201000000003925209,683400,merchant,merchant,General B2b Transfer,1
201000000001195015,201000000003925209,339000,merchant,merchant,General B2b Transfer,1
201000000001195015,201000000003925209,139500,merchant,merchant,General B2b Transfer,1
201000000001195015,201000000003925209,189400,merchant,merchant,General B2b Transfer,1
201000000001195015,201000000003925209,40800,merchant,merchant,General B2b Transfer,1
201000000001195015,201000000003925209,633700,merchant,merchant,General B2b Transfer,1
201000000001195015,201000000003925209,170400,merchant,merchant,General B2b Transfer,1
201000000001195015,201000000003925209,418800,merchant,merchant,General B2b Transfer,1
201000000001195015,201000000003925209,162900,merchant,merchant,General B2b Transfer,1
201000000001195015,201000000003925209,41000,merchant,merchant,General B2b Transfer,1
201000000001195015,201000000003925209,189100,merchant,merchant,General B2b Transfer,1
201000000001195015,201000000003925209,358500,merchant,merchant,General B2b Transfer,1
201000000001195015,201000000003925209,361900,merchant,merchant,General B2b Transfer,1
201000000001195015,201000000003925209,246900,merchant,merchant,General B2b Transfer,1
201000000001195015,201000000003925209,181100,merchant,merchant,General B2b Transfer,1
201000000001195015,201000000003925209,190500,merchant,merchant,General B2b Transfer,1
201000000001195015,201000000003925209,32400,merchant,merchant,General B2b Transfer,1
201000000001195015,201000000003925209,116900,merchant,merchant,General B2b Transfer,1
201000000001195015,201000000003925209,156300,merchant,merchant,General B2b Transfer,1
201000000001195015,201000000003925209,128100,merchant,merchant,General B2b Transfer,1
201000000001195015,201000000003925209,137400,merchant,merchant,General B2b Transfer,1
201000000001195015,201000000003925209,360600,merchant,merchant,General B2b Transfer,1
201000000001195015,201000000003925209,820100,merchant,merchant,General B2b Transfer,1
201000000001195015,201000000003925209,192700,merchant,merchant,General B2b Transfer,1
201000000001195015,201000000003925209,192100,merchant,merchant,General B2b Transfer,1
201000000001195015,201000000003925209,685800,merchant,merchant,General B2b Transfer,1
201000000001195015,201000000003925209,281500,merchant,merchant,General B2b Transfer,1
201000000001195015,201000000003925209,546700,merchant,merchant,General B2b Transfer,1
201000000001195015,201000000003925209,80000,merchant,merchant,General B2b Transfer,1
201000000001195015,201000000003925209,97800,merchant,merchant,General B2b Transfer,1
201000000001195015,201000000003925209,16000,merchant,merchant,General B2b Transfer,1
201000000001195015,201000000003925209,376800,merchant,merchant,General B2b Transfer,1
201000000001195015,201000000003925209,97200,merchant,merchant,General B2b Transfer,1
201000000001195015,201000000003925209,610100,merchant,merchant,General B2b Transfer,1
201000000001195015,201000000003925209,745400,merchant,merchant,General B2b Transfer,1
201000000001195015,201000000003925209,80500,merchant,merchant,General B2b Transfer,1
201000000001195015,201000000003925209,212000,merchant,merchant,General B2b Transfer,1
202000000046488220,201000000001195015,241692,customer,merchant,Customer Buy Goods Reservation,1
202000000115789168,201000000001195015,20142,customer,merchant,Customer Buy Goods Reservation,1
202000000046488220,201000000001195015,241692,customer,merchant,Customer Buy Goods Reservation,1
202000000046488220,201000000001195015,241692,customer,merchant,Customer Buy Goods Reservation,1
202000000046488220,201000000001195015,201410,customer,merchant,Customer Buy Goods Reservation,1
202000000046488220,201000000001195015,201410,customer,merchant,Customer Buy Goods Reservation,1
201000000001195015,201000000003925209,76300,merchant,merchant,General B2b Transfer,1
201000000001195015,201000000003925209,26700,merchant,merchant,General B2b Transfer,1
201000000001195015,201000000003925209,13000,merchant,merchant,General B2b Transfer,1
201000000001195015,201000000003925209,220900,merchant,merchant,General B2b Transfer,1
201000000001195015,201000000003925209,480300,merchant,merchant,General B2b Transfer,1
201000000001195015,201000000003925209,108900,merchant,merchant,General B2b Transfer,1
202100000007197183,202100000007332126,685000,customer,customer,Customer Withdrawal,1
202000000081147883,202000000130206713,50000,customer,customer,Customer Withdrawal,1
201000000001195015,201000000003925209,34400,merchant,merchant,General B2b Transfer,1
201000000001195015,201000000003925209,420300,merchant,merchant,General B2b Transfer,1
201000000001195015,201000000003925209,47800,merchant,merchant,General B2b Transfer,1
201000000001195015,201000000003925209,45000,merchant,merchant,General B2b Transfer,1
201000000001195015,201000000003925209,111400,merchant,merchant,General B2b Transfer,1
201000000001195015,201000000003925209,297700,merchant,merchant,General B2b Transfer,1
201000000001195015,201000000003925209,444300,merchant,merchant,General B2b Transfer,1
201000000001195015,201000000003925209,63800,merchant,merchant,General B2b Transfer,1
201000000001195015,201000000003925209,302200,merchant,merchant,General B2b Transfer,1
201000000001195015,201000000003925209,349600,merchant,merchant,General B2b Transfer,1
201000000001195015,201000000003925209,216600,merchant,merchant,General B2b Transfer,1
201000000001195015,201000000003925209,119500,merchant,merchant,General B2b Transfer,1
201000000001195015,201000000003925209,189900,merchant,merchant,General B2b Transfer,1
201000000001195015,201000000003925209,145900,merchant,merchant,General B2b Transfer,1
201000000001195015,201000000003925209,71000,merchant,merchant,General B2b Transfer,1
201000000001195015,201000000003925209,139300,merchant,merchant,General B2b Transfer,1
201000000001195015,201000000003925209,86700,merchant,merchant,General B2b Transfer,1
201000000001195015,201000000003925209,34100,merchant,merchant,General B2b Transfer,1
201000000001195015,201000000003925209,103900,merchant,merchant,General B2b Transfer,1
201000000001195015,201000000003925209,332800,merchant,merchant,General B2b Transfer,1
202000000130206713,201000000001195015,50000,customer,merchant,Customer Buy Goods Reservation,1
202000000116851548,201000000001195015,24170,customer,merchant,Customer Buy Goods Reservation,1
202000000115789168,201000000001195015,61246,customer,merchant,Customer Buy Goods Reservation,1
202000000116851548,201000000001195015,100000,customer,merchant,Customer Buy Goods Reservation,1
202000000046488220,201000000001195015,302115,customer,merchant,Customer Buy Goods Reservation,1
202000000046488220,201000000001195015,402820,customer,merchant,Customer Buy Goods Reservation,1
202000000046488220,201000000001195015,101256,customer,merchant,Customer Buy Goods Reservation,1
202000000046488220,201000000001195015,201700,customer,merchant,Customer Buy Goods Reservation,1
201000000001195015,201000000003925209,187800,merchant,merchant,General B2b Transfer,1
201000000001195015,201000000003925209,157900,merchant,merchant,General B2b Transfer,1
201000000001195015,201000000003925209,24600,merchant,merchant,General B2b Transfer,1
201000000001195015,201000000003925209,290600,merchant,merchant,General B2b Transfer,1
201000000001195015,201000000003925209,180900,merchant,merchant,General B2b Transfer,1
201000000001195015,201000000003925209,137000,merchant,merchant,General B2b Transfer,1
201000000001195015,201000000003925209,448900,merchant,merchant,General B2b Transfer,1
201000000001195015,201000000003925209,474300,merchant,merchant,General B2b Transfer,1
201000000001195015,201000000003925209,59700,merchant,merchant,General B2b Transfer,1
201000000001195015,201000000003925209,27300,merchant,merchant,General B2b Transfer,1
201000000001195015,201000000003925209,58500,merchant,merchant,General B2b Transfer,1
201000000001195015,201000000003925209,48600,merchant,merchant,General B2b Transfer,1
201000000001195015,201000000003925209,153000,merchant,merchant,General B2b Transfer,1
201000000001195015,201000000003925209,42900,merchant,merchant,General B2b Transfer,1
202000000046488220,201000000001195015,120846,customer,merchant,Customer Buy Goods Reservation,1
202000000046488220,201000000001195015,120846,customer,merchant,Customer Buy Goods Reservation,1
202000000046488220,201000000001195015,202417,customer,merchant,Customer Buy Goods Reservation,1
202000000046488220,201000000001195015,120846,customer,merchant,Customer Buy Goods Reservation,1
202000000046488220,201000000001195015,201420,customer,merchant,Customer Buy Goods Reservation,1
202000000046488220,201000000001195015,120852,customer,merchant,Customer Buy Goods Reservation,1
202000000046488220,201000000001195015,120846,customer,merchant,Customer Buy Goods Reservation,1
202000000046488220,201000000001195015,120846,customer,merchant,Customer Buy Goods Reservation,1
202000000046488220,201000000001195015,120846,customer,merchant,Customer Buy Goods Reservation,1
202000000046488220,201000000001195015,120846,customer,merchant,Customer Buy Goods Reservation,1
202000000046488220,201000000001195015,100710,customer,merchant,Customer Buy Goods Reservation,1
201000000001195015,201000000003925209,330700,merchant,merchant,General B2b Transfer,1
201000000001195015,201000000003925209,170100,merchant,merchant,General B2b Transfer,1
201000000001195015,201000000003925209,1528400,merchant,merchant,General B2b Transfer,1
201000000001195015,201000000003925209,37700,merchant,merchant,General B2b Transfer,1
201000000001195015,201000000003925209,234800,merchant,merchant,General B2b Transfer,1
201000000001195015,201000000003925209,16200,merchant,merchant,General B2b Transfer,1
201000000001195015,201000000003925209,392300,merchant,merchant,General B2b Transfer,1
201000000001195015,201000000003925209,60400,merchant,merchant,General B2b Transfer,1
201000000001195015,201000000003925209,186900,merchant,merchant,General B2b Transfer,1
201000000001195015,201000000003925209,803500,merchant,merchant,General B2b Transfer,1
201000000001195015,201000000003925209,109000,merchant,merchant,General B2b Transfer,1
201000000001195015,201000000003925209,74200,merchant,merchant,General B2b Transfer,1
201000000001195015,201000000003925209,560400,merchant,merchant,General B2b Transfer,1
202000000046488220,201000000001195015,40282,customer,merchant,Customer Buy Goods Reservation,1
202000000046488220,201000000001195015,151058,customer,merchant,Customer Buy Goods Reservation,1
201000000001195015,201000000003925209,77500,merchant,merchant,General B2b Transfer,1
201000000001195015,201000000003925209,528500,merchant,merchant,General B2b Transfer,1
201000000001195015,201000000003925209,266900,merchant,merchant,General B2b Transfer,1
201000000001195015,201000000003925209,219200,merchant,merchant,General B2b Transfer,1
201000000001195015,201000000003925209,241000,merchant,merchant,General B2b Transfer,1
202000000130206713,201000000001195015,13000,customer,merchant,Customer Buy Goods Reservation,1
202000000116326522,201000000001195015,10000,customer,merchant,Customer Buy Goods Reservation,1
202000000130206713,201000000001195015,45000,customer,merchant,Customer Buy Goods Reservation,1
202000000046488220,201000000001195015,241692,customer,merchant,Customer Buy Goods Reservation,1
202000000046488220,201000000001195015,241692,customer,merchant,Customer Buy Goods Reservation,1
202000000046488220,201000000001195015,241692,customer,merchant,Customer Buy Goods Reservation,1
202000000130206713,201000000001195015,50000,customer,merchant,Customer Buy Goods Reservation,1
201000000001195015,201000000003925209,74400,merchant,merchant,General B2b Transfer,1
201000000001195015,201000000003925209,67300,merchant,merchant,General B2b Transfer,1
201000000001195015,201000000003925209,17500,merchant,merchant,General B2b Transfer,1
201000000001195015,201000000003925209,37200,merchant,merchant,General B2b Transfer,1
201000000001195015,201000000003925209,34000,merchant,merchant,General B2b Transfer,1
201000000001195015,201000000003925209,455700,merchant,merchant,General B2b Transfer,1
201000000001195015,201000000003925209,568000,merchant,merchant,General B2b Transfer,1
201000000001195015,201000000003925209,163000,merchant,merchant,General B2b Transfer,1
201000000001195015,201000000003925209,97500,merchant,merchant,General B2b Transfer,1
201000000001195015,201000000003925209,134500,merchant,merchant,General B2b Transfer,1
202000000087132518,202100000008266871,1500000,customer,customer,Customer Withdrawal,1
202100000007197183,202100000007332126,1370000,customer,customer,Customer Withdrawal,1
202100000007197183,202100000007332126,1712500,customer,customer,Customer Withdrawal,1
201000000001195015,201000000003925209,315900,merchant,merchant,General B2b Transfer,1
201000000001195015,201000000003925209,115700,merchant,merchant,General B2b Transfer,1
201000000001195015,201000000003925209,16500,merchant,merchant,General B2b Transfer,1
201000000001195015,201000000003925209,212200,merchant,merchant,General B2b Transfer,1
201000000001195015,201000000003925209,197400,merchant,merchant,General B2b Transfer,1
201000000001195015,201000000003925209,321000,merchant,merchant,General B2b Transfer,1
201000000001195015,201000000003925209,8500,merchant,merchant,General B2b Transfer,1
201000000001195015,201000000003925209,107000,merchant,merchant,General B2b Transfer,1
201000000001195015,201000000003925209,405400,merchant,merchant,General B2b Transfer,1
201000000001195015,201000000003925209,180900,merchant,merchant,General B2b Transfer,1
201000000001195015,201000000003925209,622500,merchant,merchant,General B2b Transfer,1
201000000001195015,201000000003925209,29400,merchant,merchant,General B2b Transfer,1
201000000001195015,201000000003925209,358900,merchant,merchant,General B2b Transfer,1
201000000001195015,201000000002533376,400000,merchant,merchant,,1
202000000115789168,201000000001195015,30623,customer,merchant,Customer Buy Goods Reservation,1
202000000046488220,201000000001195015,302115,customer,merchant,Customer Buy Goods Reservation,1
202000000046488220,201000000001195015,196375,customer,merchant,Customer Buy Goods Reservation,1
201000000001195015,201000000003925209,121100,merchant,merchant,General B2b Transfer,1
201000000001195015,201000000003925209,101400,merchant,merchant,General B2b Transfer,1
201000000001195015,201000000003925209,351400,merchant,merchant,General B2b Transfer,1
201000000001195015,201000000003925209,138100,merchant,merchant,General B2b Transfer,1
201000000001195015,201000000003925209,507000,merchant,merchant,General B2b Transfer,1
201000000001195015,201000000003925209,926300,merchant,merchant,General B2b Transfer,1
201000000001195015,201000000003925209,177500,merchant,merchant,General B2b Transfer,1
201000000001195015,201000000003925209,336600,merchant,merchant,General B2b Transfer,1
201000000001195015,201000000003925209,483800,merchant,merchant,General B2b Transfer,1
201000000001195015,201000000003925209,793000,merchant,merchant,General B2b Transfer,1
201000000001195015,201000000003925209,64300,merchant,merchant,General B2b Transfer,1
201000000001195015,201000000003925209,328900,merchant,merchant,General B2b Transfer,1
201000000001195015,201000000003925209,82900,merchant,merchant,General B2b Transfer,1
201000000001195015,201000000003925209,301500,merchant,merchant,General B2b Transfer,1
201000000001195015,201000000003925209,156200,merchant,merchant,General B2b Transfer,1
201000000001195015,201000000003925209,94300,merchant,merchant,General B2b Transfer,1
201000000001195015,201000000003925209,61200,merchant,merchant,General B2b Transfer,1
201000000001195015,201000000003925209,310100,merchant,merchant,General B2b Transfer,1
201000000001195015,201000000003925209,656000,merchant,merchant,General B2b Transfer,1
201000000001195015,201000000003925209,206400,merchant,merchant,General B2b Transfer,1
201000000001195015,201000000003925209,320500,merchant,merchant,General B2b Transfer,1
201000000001195015,201000000003925209,361300,merchant,merchant,General B2b Transfer,1
201000000001195015,201000000003925209,12900,merchant,merchant,General B2b Transfer,1
201000000001195015,201000000003925209,122600,merchant,merchant,General B2b Transfer,1
201000000001195015,201000000003925209,116200,merchant,merchant,General B2b Transfer,1
201000000001195015,201000000003925209,188300,merchant,merchant,General B2b Transfer,1
202000000130206713,201000000001195015,50000,customer,merchant,Customer Buy Goods Reservation,1
202000000130206713,201000000001195015,100000,customer,merchant,Customer Buy Goods Reservation,1